{
  "timestamp": "2025-11-24T23:10:05.875473",
  "predicted_hours_to_failure": 0.016667012656491436,
  "synthetic_failure_flag": 1
}